ID,Título Normal ES,Título Normal EN,Título Descriptivo ES,Título Fácil ES,Título Signoguía ES,Descripción ES,Descripción EN,Ubicación Específica ES,Ubicación Específica EN,Latitud,Longitud,Tiene Coordenadas
1,Comenzamos el paseo por la Isla del Soto,We begin our walk through the Soto,AD - Comenzamos el paseo por la Isla del Soto,LF - Comenzamos el paseo por la Isla del Soto,LSE - Comenzamos el paseo por la Isla del Soto,Imagen de la pasarela que une la Isla del Soto con la Aldehuela de los Guzmanes en Salamanca.,Image of the footbridge La Aldehuela de los Guzmanes in Salamanca to Isla del Soto.,Punto 1 de 3,,40.95321544876704,-5.638468969490337,Sí
1,Comenzamos el paseo por la Isla del Soto,We begin our walk through the Soto,AD - Comenzamos el paseo por la Isla del Soto,LF - Comenzamos el paseo por la Isla del Soto,LSE - Comenzamos el paseo por la Isla del Soto,Imagen de la pasarela que une la Isla del Soto con la Aldehuela de los Guzmanes en Salamanca.,Image of the footbridge La Aldehuela de los Guzmanes in Salamanca to Isla del Soto.,Punto 2 de 3,,40.95293230755688,-5.635195377875577,Sí
1,Comenzamos el paseo por la Isla del Soto,We begin our walk through the Soto,AD - Comenzamos el paseo por la Isla del Soto,LF - Comenzamos el paseo por la Isla del Soto,LSE - Comenzamos el paseo por la Isla del Soto,Imagen de la pasarela que une la Isla del Soto con la Aldehuela de los Guzmanes en Salamanca.,Image of the footbridge La Aldehuela de los Guzmanes in Salamanca to Isla del Soto.,Punto 3 de 3,,40.95179705186017,-5.6309736805210795,Sí
2,Origen de la isla,Origins of the island,AD - Origen de la isla,LF - Origen de la isla,LSE - Origen de la isla,Vista aérea de una parte de la Isla del Soto.,Aerial view of part of Isla del Soto.,,,0,0,No
3,Flora,Flora,AD - Flora,LF - Plantas y árboles del Soto,LSE - Flora,Imagen del río Tormes desde la Isla del Soto con la pasarela de la Aldehuela al fondo.,Image of the River Tormes from Isla del Soto with the Aldehuela footbridge in the distance.,,,0,0,No
4,Fauna,Fauna,AD - Fauna,LF - Los animales del Soto,LSE - Fauna,Imagen del río desde la Isla del Soto.,View of the river from Isla del Soto.,,,0,0,No
5,Avifauna del río y del bosque de ribera,Avifauna of the river and riparian forest,AD - Avifauna del río y del bosque de ribera,LF - Aves del río y del Soto,LSE - Avifauna del río y del bosque de ribera,Vista del río Tormes.,View of the River Tormes.,,,40.954758495882956,-5.639159696500225,Sí
6,Especies introducidas,Introduced species,AD - Especies introducidas,LF - Especies introducidas,LSE - Especies introducidas,Imagen del tramo final de la pasarela que une la Aldehuela desde Salamanca con la Isla del Soto.,Image of the end of the footbridge from La Aldehuela de los Guzmanes in Salamanca to Isla del Soto.,,,0,0,No
7,Centro Interpretación Isla del Soto,Isla del Soto Interpretation Centre,AD - Centro Interpretación Isla del Soto,LF - Centro Interpretación Isla del Soto,LSE - Centro Interpretación Isla del Soto,Fachada posterior del Centro de Interpretación de la Isla del Soto.,Rear façade of the Interpretation Centre of Isla del Soto.,,,40.95224503410455,-5.632701721974376,Sí
8,Zonas y usos de la isla,Zones and uses of the island,AD - Zonas y usos de la isla,LF - Zonas y usos de la isla,LSE - Zonas y usos de la isla,Cartel promocional de la Isla del Soto del Centro de Interpretación y de los Museos de la Moto histórica y el Museo de Arte Contenporáneo José Fuentes.,Promotional poster for Isla del Soto the Interpretation Centre the Historic Motorcycle Museum and the José Fuentes Museum of Contemporary Art.,Puesto pescadores,Fishing posts,40.95308182530833,-5.635703166716398,Sí
8,Zonas y usos de la isla,Zones and uses of the island,AD - Zonas y usos de la isla,LF - Zonas y usos de la isla,LSE - Zonas y usos de la isla,Cartel promocional de la Isla del Soto del Centro de Interpretación y de los Museos de la Moto histórica y el Museo de Arte Contenporáneo José Fuentes.,Promotional poster for Isla del Soto the Interpretation Centre the Historic Motorcycle Museum and the José Fuentes Museum of Contemporary Art.,Puesto pescadores,Fishing posts,40.952909778822956,-5.635315227631543,Sí
8,Zonas y usos de la isla,Zones and uses of the island,AD - Zonas y usos de la isla,LF - Zonas y usos de la isla,LSE - Zonas y usos de la isla,Cartel promocional de la Isla del Soto del Centro de Interpretación y de los Museos de la Moto histórica y el Museo de Arte Contenporáneo José Fuentes.,Promotional poster for Isla del Soto the Interpretation Centre the Historic Motorcycle Museum and the José Fuentes Museum of Contemporary Art.,Puesto pescadores,Fishing posts,40.95272410438441,-5.634381467225767,Sí
8,Zonas y usos de la isla,Zones and uses of the island,AD - Zonas y usos de la isla,LF - Zonas y usos de la isla,LSE - Zonas y usos de la isla,Cartel promocional de la Isla del Soto del Centro de Interpretación y de los Museos de la Moto histórica y el Museo de Arte Contenporáneo José Fuentes.,Promotional poster for Isla del Soto the Interpretation Centre the Historic Motorcycle Museum and the José Fuentes Museum of Contemporary Art.,Puesto pescadores,Fishing posts,40.953090406931054,-5.629937560798211,Sí
8,Zonas y usos de la isla,Zones and uses of the island,AD - Zonas y usos de la isla,LF - Zonas y usos de la isla,LSE - Zonas y usos de la isla,Cartel promocional de la Isla del Soto del Centro de Interpretación y de los Museos de la Moto histórica y el Museo de Arte Contenporáneo José Fuentes.,Promotional poster for Isla del Soto the Interpretation Centre the Historic Motorcycle Museum and the José Fuentes Museum of Contemporary Art.,Parque de perros,Dog park,40.95353653558633,-5.638182264269154,Sí
8,Zonas y usos de la isla,Zones and uses of the island,AD - Zonas y usos de la isla,LF - Zonas y usos de la isla,LSE - Zonas y usos de la isla,Cartel promocional de la Isla del Soto del Centro de Interpretación y de los Museos de la Moto histórica y el Museo de Arte Contenporáneo José Fuentes.,Promotional poster for Isla del Soto the Interpretation Centre the Historic Motorcycle Museum and the José Fuentes Museum of Contemporary Art.,Circuito trial,Trial circuit,40.954585041814916,-5.638884009317278,Sí
8,Zonas y usos de la isla,Zones and uses of the island,AD - Zonas y usos de la isla,LF - Zonas y usos de la isla,LSE - Zonas y usos de la isla,Cartel promocional de la Isla del Soto del Centro de Interpretación y de los Museos de la Moto histórica y el Museo de Arte Contenporáneo José Fuentes.,Promotional poster for Isla del Soto the Interpretation Centre the Historic Motorcycle Museum and the José Fuentes Museum of Contemporary Art.,Observatorio de aves,Bird observatory,40.95472482675104,-5.639185154298867,Sí
8,Zonas y usos de la isla,Zones and uses of the island,AD - Zonas y usos de la isla,LF - Zonas y usos de la isla,LSE - Zonas y usos de la isla,Cartel promocional de la Isla del Soto del Centro de Interpretación y de los Museos de la Moto histórica y el Museo de Arte Contenporáneo José Fuentes.,Promotional poster for Isla del Soto the Interpretation Centre the Historic Motorcycle Museum and the José Fuentes Museum of Contemporary Art.,Parque infantil,Children's playground,40.952370317558746,-5.63134035224229,Sí
8,Zonas y usos de la isla,Zones and uses of the island,AD - Zonas y usos de la isla,LF - Zonas y usos de la isla,LSE - Zonas y usos de la isla,Cartel promocional de la Isla del Soto del Centro de Interpretación y de los Museos de la Moto histórica y el Museo de Arte Contenporáneo José Fuentes.,Promotional poster for Isla del Soto the Interpretation Centre the Historic Motorcycle Museum and the José Fuentes Museum of Contemporary Art.,Parque biosaludable,Bio-healthy park,40.952519289300746,-5.631736743326188,Sí
8,Zonas y usos de la isla,Zones and uses of the island,AD - Zonas y usos de la isla,LF - Zonas y usos de la isla,LSE - Zonas y usos de la isla,Cartel promocional de la Isla del Soto del Centro de Interpretación y de los Museos de la Moto histórica y el Museo de Arte Contenporáneo José Fuentes.,Promotional poster for Isla del Soto the Interpretation Centre the Historic Motorcycle Museum and the José Fuentes Museum of Contemporary Art.,Plataforma espectáculos,Show platform,40.95309935557791,-5.636684633418328,Sí
8,Zonas y usos de la isla,Zones and uses of the island,AD - Zonas y usos de la isla,LF - Zonas y usos de la isla,LSE - Zonas y usos de la isla,Cartel promocional de la Isla del Soto del Centro de Interpretación y de los Museos de la Moto histórica y el Museo de Arte Contenporáneo José Fuentes.,Promotional poster for Isla del Soto the Interpretation Centre the Historic Motorcycle Museum and the José Fuentes Museum of Contemporary Art.,Merenderos pic nic,Picnic areas,40.95241124435147,-5.633353090886228,Sí
8,Zonas y usos de la isla,Zones and uses of the island,AD - Zonas y usos de la isla,LF - Zonas y usos de la isla,LSE - Zonas y usos de la isla,Cartel promocional de la Isla del Soto del Centro de Interpretación y de los Museos de la Moto histórica y el Museo de Arte Contenporáneo José Fuentes.,Promotional poster for Isla del Soto the Interpretation Centre the Historic Motorcycle Museum and the José Fuentes Museum of Contemporary Art.,Merenderos pic nic,Picnic areas,40.95242998225343,-5.630750290103624,Sí
9,Rutas de Santa Marta de Tormes,Routes of Santa Marta de Tormes,AD - Rutas de Santa Marta de Tormes,LF - Rutas de Santa Marta de Tormes,LSE - Rutas de Santa Marta de Tormes,Emblema de la Ruta de los Lápices de Santa Marta de Tormes con 5 lápices negros y amarillos; una goma blanca Milan realizados con madera.,Emblem of the Pencil Route in Santa Marta de Tormes showing five black-and-yellow pencils and a white Milan eraser all made of wood.,Ruta Arte Emboscado,Ambushed Art Route,40.95170508713264,-5.638200189827272,Sí
9,Rutas de Santa Marta de Tormes,Routes of Santa Marta de Tormes,AD - Rutas de Santa Marta de Tormes,LF - Rutas de Santa Marta de Tormes,LSE - Rutas de Santa Marta de Tormes,Emblema de la Ruta de los Lápices de Santa Marta de Tormes con 5 lápices negros y amarillos; una goma blanca Milan realizados con madera.,Emblem of the Pencil Route in Santa Marta de Tormes showing five black-and-yellow pencils and a white Milan eraser all made of wood.,Ruta Arte Emboscado,Ambushed Art Route,40.95240852941758,-5.635221008202152,Sí
9,Rutas de Santa Marta de Tormes,Routes of Santa Marta de Tormes,AD - Rutas de Santa Marta de Tormes,LF - Rutas de Santa Marta de Tormes,LSE - Rutas de Santa Marta de Tormes,Emblema de la Ruta de los Lápices de Santa Marta de Tormes con 5 lápices negros y amarillos; una goma blanca Milan realizados con madera.,Emblem of the Pencil Route in Santa Marta de Tormes showing five black-and-yellow pencils and a white Milan eraser all made of wood.,Ruta Arte Emboscado,Ambushed Art Route,40.95212084097284,-5.633594337973941,Sí
9,Rutas de Santa Marta de Tormes,Routes of Santa Marta de Tormes,AD - Rutas de Santa Marta de Tormes,LF - Rutas de Santa Marta de Tormes,LSE - Rutas de Santa Marta de Tormes,Emblema de la Ruta de los Lápices de Santa Marta de Tormes con 5 lápices negros y amarillos; una goma blanca Milan realizados con madera.,Emblem of the Pencil Route in Santa Marta de Tormes showing five black-and-yellow pencils and a white Milan eraser all made of wood.,Ruta Arte Emboscado,Ambushed Art Route,40.952154910022,-5.631614044149215,Sí
9,Rutas de Santa Marta de Tormes,Routes of Santa Marta de Tormes,AD - Rutas de Santa Marta de Tormes,LF - Rutas de Santa Marta de Tormes,LSE - Rutas de Santa Marta de Tormes,Emblema de la Ruta de los Lápices de Santa Marta de Tormes con 5 lápices negros y amarillos; una goma blanca Milan realizados con madera.,Emblem of the Pencil Route in Santa Marta de Tormes showing five black-and-yellow pencils and a white Milan eraser all made of wood.,Ruta de los Lápices,Pencils Route,40.952164587746715,-5.631380836385952,Sí
9,Rutas de Santa Marta de Tormes,Routes of Santa Marta de Tormes,AD - Rutas de Santa Marta de Tormes,LF - Rutas de Santa Marta de Tormes,LSE - Rutas de Santa Marta de Tormes,Emblema de la Ruta de los Lápices de Santa Marta de Tormes con 5 lápices negros y amarillos; una goma blanca Milan realizados con madera.,Emblem of the Pencil Route in Santa Marta de Tormes showing five black-and-yellow pencils and a white Milan eraser all made of wood.,Ruta de los Lápices,Pencils Route,40.95236348330626,-5.634726149356212,Sí
9,Rutas de Santa Marta de Tormes,Routes of Santa Marta de Tormes,AD - Rutas de Santa Marta de Tormes,LF - Rutas de Santa Marta de Tormes,LSE - Rutas de Santa Marta de Tormes,Emblema de la Ruta de los Lápices de Santa Marta de Tormes con 5 lápices negros y amarillos; una goma blanca Milan realizados con madera.,Emblem of the Pencil Route in Santa Marta de Tormes showing five black-and-yellow pencils and a white Milan eraser all made of wood.,Ruta de los Lápices,Pencils Route,40.95322909406052,-5.6379418121171305,Sí
9,Rutas de Santa Marta de Tormes,Routes of Santa Marta de Tormes,AD - Rutas de Santa Marta de Tormes,LF - Rutas de Santa Marta de Tormes,LSE - Rutas de Santa Marta de Tormes,Emblema de la Ruta de los Lápices de Santa Marta de Tormes con 5 lápices negros y amarillos; una goma blanca Milan realizados con madera.,Emblem of the Pencil Route in Santa Marta de Tormes showing five black-and-yellow pencils and a white Milan eraser all made of wood.,Ruta de los Bichos,Bugs Route,40.952249617673324,-5.632878304574222,Sí
9,Rutas de Santa Marta de Tormes,Routes of Santa Marta de Tormes,AD - Rutas de Santa Marta de Tormes,LF - Rutas de Santa Marta de Tormes,LSE - Rutas de Santa Marta de Tormes,Emblema de la Ruta de los Lápices de Santa Marta de Tormes con 5 lápices negros y amarillos; una goma blanca Milan realizados con madera.,Emblem of the Pencil Route in Santa Marta de Tormes showing five black-and-yellow pencils and a white Milan eraser all made of wood.,Ruta Batalla de los Arapiles,Battle of Arapiles Route,40.95262907603817,-5.634451357686636,Sí
9,Rutas de Santa Marta de Tormes,Routes of Santa Marta de Tormes,AD - Rutas de Santa Marta de Tormes,LF - Rutas de Santa Marta de Tormes,LSE - Rutas de Santa Marta de Tormes,Emblema de la Ruta de los Lápices de Santa Marta de Tormes con 5 lápices negros y amarillos; una goma blanca Milan realizados con madera.,Emblem of the Pencil Route in Santa Marta de Tormes showing five black-and-yellow pencils and a white Milan eraser all made of wood.,Ruta de los Murales,Murals Route,40.952233926587105,-5.632580290715561,Sí
9,Rutas de Santa Marta de Tormes,Routes of Santa Marta de Tormes,AD - Rutas de Santa Marta de Tormes,LF - Rutas de Santa Marta de Tormes,LSE - Rutas de Santa Marta de Tormes,Emblema de la Ruta de los Lápices de Santa Marta de Tormes con 5 lápices negros y amarillos; una goma blanca Milan realizados con madera.,Emblem of the Pencil Route in Santa Marta de Tormes showing five black-and-yellow pencils and a white Milan eraser all made of wood.,Ruta de los Murales,Murals Route,40.952851620612655,-5.635275019864475,Sí
10,Llegamos al final del paseo,Here ends the walk,AD - Llegamos al final del paseo,LF - Llegamos al final del paseo,LSE - Llegamos al final del paseo,Pasarela que une la Isla del Soto con la plaza de la Iglesia de Santa Marta de Tormes.,Footbridge connecting Isla del Soto with Plaza de la Iglesia in Santa Marta de Tormes.,,,40.952293884400994,-5.640773413509443,Sí
